<?xml version="1.0" encoding="UTF-8"?>
<project xmlns:if="ant:if">
	<property name="dita2adobe.html.version" value="2024.1"/>
	
	<target name="dita2adobe.html" depends="dita2adobe.html.init, dita2html5"/>
	
	<target name="dita2adobe.html.init">
		<echo level="info">*** Target: dita2adobe.html</echo>
		<echo level="info">* transtype = ${transtype}</echo>
		<echo level="info">* version = ${dita2adobe.html.version}</echo>
		
		<property name="adobe.html.xsl.dir" value="${dita.plugin.com.adobe.html.dir}${file.separator}xsl${file.separator}"/>
		<property name="args.xsl" location="${adobe.html.xsl.dir}adobe-html5.xsl" />
		<dirname property="input.dirname" file="${args.input}"/>
		<makeurl file="${input.dirname}/metadata.xml" property="metadata.url"/>
	</target>
</project>
