<?xml version="1.0" encoding="UTF-8"?>
<jcr:root xmlns:sling="http://sling.apache.org/jcr/sling/1.0" xmlns:jcr="http://www.jcp.org/jcr/1.0" xmlns:rep="internal"
    jcr:mixinTypes="[rep:AccessControllable]"
    jcr:primaryType="sling:OrderedFolder">
    <folderprofiles/>
    <keyspace/>
    <postprocess/>
    <translation/>
    <translationMapV2/>
    <temp/>
    <rep:policy/>
    <mapcollections/>
    <profiles/>
    <logs/>
    <states/>
    <metadata/>
    <versionpurge/>
    <outputJobManager/>
    <resources/>
    <cron-scheduler/>
    <reviews/>
    <translationMap/>
    <smartsuggest/>
    <references/>
    <parent-maps/>
    <direct-parent-maps/>
    <versionreferences/>
    <basicHtml/>
    <citations/>
    <conditionalprofiles/>
    <executor-locks/>
    <variables/>
    <exports/>
    <revertLogs/>
    <bulkMetadataJob/>
</jcr:root>
