<?xml version="1.0" ?><job><property name="user.input.dir"><string>C:\DoX\development\AEM\uuid-4.0\crx-quickstart\profiles\ditamaps\ditamap17926648269203798267</string></property><property name="parser.html"><string>com.elovirta.dita.html.HtmlReader</string></property><property name="transtypes"><string>pdf;pdf2;fm-pdf;pdfx;tocjs;xhtml;eclipsehelp;html5;htmlhelp;dita;troff;epub;word2dita;markdown;markdown_github;markdown_gitbook</string></property><property name="plugin.org.dita4publishers.common.html.dir"><string>plugins/org.dita4publishers.common.html</string></property><property name="parser.md"><string>com.elovirta.dita.markdown.MarkdownReader</string></property><property name="plugin.org.dita.specialization.dita11.dir"><string>plugins/org.dita.specialization.dita11</string></property><property name="crawl"><string>topic</string></property><property name="plugin.org.dita4publishers.doctypes.dir"><string>plugins/org.dita4publishers.doctypes</string></property><property name="parser.hdita"><string>com.elovirta.dita.html.HtmlReader</string></property><property name="cli.color"><string>true</string></property><property name="user.input.file"><string>aem_forms_documentation.ditamap</string></property><property name="plugin.org.dita-community.common.mapdriven.dir"><string>plugins/org.dita-community.common.mapdriven</string></property><property name="plugin.org.dita.pdf2.dir"><string>plugins/org.dita.pdf2</string></property><property name="print_transtypes"><string>pdfx;pdf;pdf2;fm-pdf</string></property><property name="onlytopicinmap"><string>false</string></property><property name="supported_resource_extensions"><string>.pdf;.swf</string></property><property name="plugin.org.dita.xhtml.dir"><string>plugins/org.dita.xhtml</string></property><property name="plugin.com.adobe.pdfx.dir"><string>plugins/com.adobe.pdfx</string></property><property name="relflagimagelist"><string></string></property><property name="plugin.org.dita-community.preprocess-extensions.dir"><string>plugins/org.dita-community.preprocess-extensions</string></property><property name="supported_html_extensions"><string>.html;.htm</string></property><property name="plugin.order"><string>org.dita.base org.oasis-open.dita.v1_3 org.oasis-open.dita.v1_2</string></property><property name="otrelease"><string>3.3</string></property><property name="supported_image_extensions"><string>.gif;.svg;.bmp;.jpg;.tif;.eps;.jpeg;.png;.tiff</string></property><property name="InputMapDir"><string>C:\DoX\development\AEM\uuid-4.0\crx-quickstart\profiles\ditamaps\ditamap17926648269203798267\aem_forms_documentation.ditamap</string></property><property name="plugin.org.dita.troff.dir"><string>plugins/org.dita.troff</string></property><property name="plugin.com.sophos.tocjs.dir"><string>plugins/com.sophos.tocjs</string></property><property name="org.dita.pdf2.i18n.enabled"><string>true</string></property><property name="user.input.dir.uri"><string>file:/C:/DoX/development/AEM/uuid-4.0/crx-quickstart/profiles/ditamaps/ditamap17926648269203798267/</string></property><property name="plugin.org.dita.html5.dir"><string>plugins/org.dita.html5</string></property><property name="generatecopyouter"><string>NOT_GENERATEOUTTER</string></property><property name="default.cascade"><string>merge</string></property><property name="plugin.org.dita.eclipsehelp.dir"><string>plugins/org.dita.eclipsehelp</string></property><property name="plugin.org.dita-community.adjust-copy-to.dir"><string>plugins/org.dita-community.adjust-copy-to</string></property><property name="plugin.org.oasis-open.xdita.v0_2_2.dir"><string>plugins/org.oasis-open.xdita.v0_2_2</string></property><property name="outputdir"><string>C:\DoX\development\AEM\uuid-4.0\crx-quickstart\profiles\ditamaps\ditamap17926648269203798267\build-aem_forms_documentation</string></property><property name="plugin.org.dita.htmlhelp.dir"><string>plugins/org.dita.htmlhelp</string></property><property name="temp-file-name-scheme"><string>org.dita.dost.module.GenMapAndTopicListModule$DefaultTempFileScheme</string></property><property name="plugin.org.dita.base.dir"><string>plugins/org.dita.base</string></property><property name="plugin.org.dita4publishers.math-d.html.dir"><string>plugins/org.dita4publishers.math-d.html</string></property><property name="plugindirs"><string>plugins;demo</string></property><property name="parser.mdita"><string>com.elovirta.dita.markdown.MDitaReader</string></property><property name="user.input.file.listfile"><string>usr.input.file.list</string></property><property name="outercontrol"><string>WARN</string></property><property name="plugin.org.dita4publishers.common.mapdriven.dir"><string>plugins/org.dita4publishers.common.mapdriven</string></property><property name="plugin.ignores"><string></string></property><property name="relflagimagefile"><string>relflagimage.list</string></property><property name="plugin.org.dita4publishers.math.dir"><string>plugins/org.dita4publishers.math</string></property><property name="plugin.org.dita-community.common.xslt.dir"><string>plugins/org.dita-community.common.xslt</string></property><property name="user.input.file.uri"><string>aem_forms_documentation.ditamap</string></property><property name="plugin.org.dita4publishers.epub.dir"><string>plugins/org.dita4publishers.epub</string></property><property name="registry"><string>https://plugins.dita-ot.org/</string></property><property name="plugin.org.dita.pdf2.axf.dir"><string>plugins/org.dita.pdf2.axf</string></property><property name="plugin.org.dita.normalize.dir"><string>plugins/org.dita.normalize</string></property><property name="plugin.org.oasis-open.dita.v1_2.dir"><string>plugins/org.oasis-open.dita.v1_2</string></property><property name="InputMapDir.uri"><string>file:/C:/DoX/development/AEM/uuid-4.0/crx-quickstart/profiles/ditamaps/ditamap17926648269203798267/aem_forms_documentation.ditamap</string></property><property name="plugin.org.dita4publishers.word2dita.dir"><string>plugins/org.dita4publishers.word2dita</string></property><property name="plugin.org.dita4publishers.common.xslt.dir"><string>plugins/org.dita4publishers.common.xslt</string></property><property name="plugin.org.dita.pdf2.fop.dir"><string>plugins/org.dita.pdf2.fop</string></property><property name="plugin.org.lwdita.dir"><string>plugins/org.lwdita</string></property><property name="plugin.org.dita.pdf2.xep.dir"><string>plugins/org.dita.pdf2.xep</string></property><property name="tempdirToinputmapdir.relative.value"><string></string></property><property name="plugin.com.adobe.fmdita.fm-pdf.dir"><string>plugins/com.adobe.fmdita.fm-pdf</string></property><property name="otversion"><string>3.3.2</string></property><property name="plugin.org.oasis-open.dita.v1_3.dir"><string>plugins/org.oasis-open.dita.v1_3</string></property><property name="parser.markdown"><string>com.elovirta.dita.markdown.MarkdownReader</string></property><property name="uplevels"><string></string></property><files><file src="file:/C:/DoX/development/AEM/uuid-4.0/crx-quickstart/profiles/ditamaps/ditamap17926648269203798267/topics/media/image2.jpeg" uri="topics/media/image2.jpeg" path="topics\media\image2.jpeg" result="file:/C:/DoX/development/AEM/uuid-4.0/crx-quickstart/profiles/ditamaps/ditamap17926648269203798267/topics/media/image2.jpeg" format="image"></file><file src="file:/C:/DoX/development/AEM/uuid-4.0/crx-quickstart/profiles/ditamaps/ditamap17926648269203798267/topics/conventions-used-in-this-document.dita" uri="topics/conventions-used-in-this-document.dita" path="topics\conventions-used-in-this-document.dita" result="file:/C:/DoX/development/AEM/uuid-4.0/crx-quickstart/profiles/ditamaps/ditamap17926648269203798267/topics/conventions-used-in-this-document.dita" format="dita" target="true"></file><file src="file:/C:/DoX/development/AEM/uuid-4.0/crx-quickstart/profiles/ditamaps/ditamap17926648269203798267/topics/convention-center-document-update.dita" uri="topics/convention-center-document-update.dita" path="topics\convention-center-document-update.dita" result="file:/C:/DoX/development/AEM/uuid-4.0/crx-quickstart/profiles/ditamaps/ditamap17926648269203798267/topics/convention-center-document-update.dita" format="dita" target="true"></file><file src="file:/C:/DoX/development/AEM/uuid-4.0/crx-quickstart/profiles/ditamaps/ditamap17926648269203798267/topics/selecting-tasks-for-configuring-and-deploying.dita" uri="topics/selecting-tasks-for-configuring-and-deploying.dita" path="topics\selecting-tasks-for-configuring-and-deploying.dita" result="file:/C:/DoX/development/AEM/uuid-4.0/crx-quickstart/profiles/ditamaps/ditamap17926648269203798267/topics/selecting-tasks-for-configuring-and-deploying.dita" format="dita" target="true"></file><file src="file:/C:/DoX/development/AEM/uuid-4.0/crx-quickstart/profiles/ditamaps/ditamap17926648269203798267/topics/media/image3.png" uri="topics/media/image3.png" path="topics\media\image3.png" result="file:/C:/DoX/development/AEM/uuid-4.0/crx-quickstart/profiles/ditamaps/ditamap17926648269203798267/topics/media/image3.png" format="image"></file><file src="file:/C:/DoX/development/AEM/uuid-4.0/crx-quickstart/profiles/ditamaps/ditamap17926648269203798267/topics/about-this-document.dita" uri="topics/about-this-document.dita" path="topics\about-this-document.dita" result="file:/C:/DoX/development/AEM/uuid-4.0/crx-quickstart/profiles/ditamaps/ditamap17926648269203798267/topics/about-this-document.dita" format="dita" has-link="true" target="true"></file><file src="file:/C:/DoX/development/AEM/uuid-4.0/crx-quickstart/profiles/ditamaps/ditamap17926648269203798267/topics/who-should-read-this-document.dita" uri="topics/who-should-read-this-document.dita" path="topics\who-should-read-this-document.dita" result="file:/C:/DoX/development/AEM/uuid-4.0/crx-quickstart/profiles/ditamaps/ditamap17926648269203798267/topics/who-should-read-this-document.dita" format="dita" target="true"></file><file src="file:/C:/DoX/development/AEM/uuid-4.0/crx-quickstart/profiles/ditamaps/ditamap17926648269203798267/topics/media/image1.png" uri="topics/media/image1.png" path="topics\media\image1.png" result="file:/C:/DoX/development/AEM/uuid-4.0/crx-quickstart/profiles/ditamaps/ditamap17926648269203798267/topics/media/image1.png" format="image"></file><file src="file:/C:/DoX/development/AEM/uuid-4.0/crx-quickstart/profiles/ditamaps/ditamap17926648269203798267/topics/installation-configuration-and-deployment-overview.dita" uri="topics/installation-configuration-and-deployment-overview.dita" path="topics\installation-configuration-and-deployment-overview.dita" result="file:/C:/DoX/development/AEM/uuid-4.0/crx-quickstart/profiles/ditamaps/ditamap17926648269203798267/topics/installation-configuration-and-deployment-overview.dita" format="dita" has-link="true" target="true"></file><file src="file:/C:/DoX/development/AEM/uuid-4.0/crx-quickstart/profiles/ditamaps/ditamap17926648269203798267/aem_forms_documentation.ditamap" uri="aem_forms_documentation.ditamap" path="aem_forms_documentation.ditamap" result="file:/C:/DoX/development/AEM/uuid-4.0/crx-quickstart/profiles/ditamaps/ditamap17926648269203798267/aem_forms_documentation.ditamap" format="ditamap" input="true"></file><file src="file:/C:/DoX/development/AEM/uuid-4.0/crx-quickstart/profiles/ditamaps/ditamap17926648269203798267/topics/aem-forms-on-jee-installation-and-deployment-list.dita" uri="topics/aem-forms-on-jee-installation-and-deployment-list.dita" path="topics\aem-forms-on-jee-installation-and-deployment-list.dita" result="file:/C:/DoX/development/AEM/uuid-4.0/crx-quickstart/profiles/ditamaps/ditamap17926648269203798267/topics/aem-forms-on-jee-installation-and-deployment-list.dita" format="dita" has-link="true" target="true"></file></files></job>