<?xml version="1.0" encoding="UTF-8" standalone="no"?>
<root>
	<Path id="topics\who-should-read-this-document.dita">
		<sourceProps>
			<prop isArray="false" key="uuid">GUID-4e28f35c-14ef-409a-a5f6-993535436813</prop>
			<prop isArray="false" key="lastModifiedBy">admin</prop>
			<prop isArray="false" key="lastModifiedTime">2024-08-14T11:44:51.857-04:00</prop>
			<prop isArray="false" key="damPath">/content/dam/w2d/AEM_Forms_Documentation/topics/who-should-read-this-document.dita</prop>
		</sourceProps>
		<metadata>
			<meta isArray="false" key="dc:title">Who should read this document</meta>
		</metadata>
	</Path>
	<Path id="topics\media\image2.jpeg">
		<sourceProps>
			<prop isArray="false" key="uuid">GUID-0a789143-57ed-425e-9d9f-9be27c1634aa</prop>
			<prop isArray="false" key="lastModifiedBy">fmdita-serviceuser</prop>
			<prop isArray="false" key="lastModifiedTime">2024-08-05T19:19:16.510-04:00</prop>
			<prop isArray="false" key="damPath">/content/dam/w2d/AEM_Forms_Documentation/topics/media/image2.jpeg</prop>
		</sourceProps>
		<metadata/>
	</Path>
	<Path id="topics\about-this-document.dita">
		<sourceProps>
			<prop isArray="false" key="uuid">GUID-f193ea85-989d-4d80-99e2-2f5dea3d5310</prop>
			<prop isArray="false" key="lastModifiedBy">admin</prop>
			<prop isArray="false" key="lastModifiedTime">2024-08-14T22:26:18.617-04:00</prop>
			<prop isArray="false" key="damPath">/content/dam/w2d/AEM_Forms_Documentation/topics/about-this-document.dita</prop>
		</sourceProps>
		<metadata>
			<meta isArray="false" key="dc:title">About This Document</meta>
			<meta isArray="false" key="customprop">customval</meta>
		</metadata>
	</Path>
	<Path id="aem_forms_documentation.ditamap">
		<sourceProps>
			<prop isArray="false" key="uuid">GUID-8fc92612-2f80-4c50-9c06-7c12552e8c16</prop>
			<prop isArray="false" key="lastModifiedBy">admin</prop>
			<prop isArray="false" key="lastModifiedTime">2024-08-12T13:43:08.665-04:00</prop>
			<prop isArray="false" key="damPath">/content/dam/w2d/AEM_Forms_Documentation/aem_forms_documentation.ditamap</prop>
		</sourceProps>
		<metadata>
			<meta isArray="false" key="dc:title">Configuring Adobe Experience Manager forms on JEE Server Clusters Using JBoss</meta>
		</metadata>
	</Path>
	<Path id="topics\convention-center-document-update.dita">
		<sourceProps>
			<prop isArray="false" key="uuid">GUID-0def1d9e-8481-4429-a03f-cdabbdcf72c2</prop>
			<prop isArray="false" key="lastModifiedBy">fmdita-serviceuser</prop>
			<prop isArray="false" key="lastModifiedTime">2024-08-05T19:19:16.170-04:00</prop>
			<prop isArray="false" key="damPath">/content/dam/w2d/AEM_Forms_Documentation/topics/convention-center-document-update.dita</prop>
		</sourceProps>
		<metadata>
			<meta isArray="false" key="dc:title">Convention Center document update</meta>
		</metadata>
	</Path>
	<Path id="topics\selecting-tasks-for-configuring-and-deploying.dita">
		<sourceProps>
			<prop isArray="false" key="uuid">GUID-9912131e-65d0-49a5-9eb3-7cd4f6d1e257</prop>
			<prop isArray="false" key="lastModifiedBy">admin</prop>
			<prop isArray="false" key="lastModifiedTime">2024-08-14T08:41:34.516-04:00</prop>
			<prop isArray="false" key="damPath">/content/dam/w2d/AEM_Forms_Documentation/topics/selecting-tasks-for-configuring-and-deploying.dita</prop>
		</sourceProps>
		<metadata>
			<meta isArray="false" key="dc:title">Selecting tasks for configuring and deploying</meta>
		</metadata>
	</Path>
	<Path id="topics\aem-forms-on-jee-installation-and-deployment-list.dita">
		<sourceProps>
			<prop isArray="false" key="uuid">GUID-82758bc3-8d97-4d40-8837-e2c9b1581bc8</prop>
			<prop isArray="false" key="lastModifiedBy">admin</prop>
			<prop isArray="false" key="lastModifiedTime">2024-08-05T19:21:42.873-04:00</prop>
			<prop isArray="false" key="damPath">/content/dam/w2d/AEM_Forms_Documentation/topics/aem-forms-on-jee-installation-and-deployment-list.dita</prop>
		</sourceProps>
		<metadata>
			<meta isArray="false" key="dc:title">AEM Forms on JEE installation and deployment list</meta>
		</metadata>
	</Path>
	<Path id="topics\media\image3.png">
		<sourceProps>
			<prop isArray="false" key="uuid">GUID-21f1e268-1a3c-4ae5-98f2-03db399d16e3</prop>
			<prop isArray="false" key="lastModifiedBy">fmdita-serviceuser</prop>
			<prop isArray="false" key="lastModifiedTime">2024-08-05T19:19:16.361-04:00</prop>
			<prop isArray="false" key="damPath">/content/dam/w2d/AEM_Forms_Documentation/topics/media/image3.png</prop>
		</sourceProps>
		<metadata/>
	</Path>
	<Path id="topics\conventions-used-in-this-document.dita">
		<sourceProps>
			<prop isArray="false" key="uuid">GUID-b8eaaa05-cbfc-43f3-9f40-cfaffceeb050</prop>
			<prop isArray="false" key="lastModifiedBy">admin</prop>
			<prop isArray="false" key="lastModifiedTime">2024-08-14T08:38:57.570-04:00</prop>
			<prop isArray="false" key="damPath">/content/dam/w2d/AEM_Forms_Documentation/topics/conventions-used-in-this-document.dita</prop>
		</sourceProps>
		<metadata>
			<meta isArray="false" key="dc:title">Conventions used in this document</meta>
		</metadata>
	</Path>
	<Path id="topics\installation-configuration-and-deployment-overview.dita">
		<sourceProps>
			<prop isArray="false" key="uuid">GUID-cf2b1a3d-3130-42dc-b92f-faf9de34a39d</prop>
			<prop isArray="false" key="lastModifiedBy">admin</prop>
			<prop isArray="false" key="lastModifiedTime">2024-08-14T08:42:10.571-04:00</prop>
			<prop isArray="false" key="damPath">/content/dam/w2d/AEM_Forms_Documentation/topics/installation-configuration-and-deployment-overview.dita</prop>
		</sourceProps>
		<metadata>
			<meta isArray="false" key="dc:title">Installation, configuration, and deployment overview</meta>
		</metadata>
	</Path>
	<Path id="topics\media\image1.png">
		<sourceProps>
			<prop isArray="false" key="uuid">GUID-1ccd8bb3-ecb2-4100-b32e-5414376381fc</prop>
			<prop isArray="false" key="lastModifiedBy">fmdita-serviceuser</prop>
			<prop isArray="false" key="lastModifiedTime">2024-08-05T19:19:16.393-04:00</prop>
			<prop isArray="false" key="damPath">/content/dam/w2d/AEM_Forms_Documentation/topics/media/image1.png</prop>
		</sourceProps>
		<metadata/>
	</Path>
</root>